{
    "reusePaths": {},
    "Modules": {
        "tb_top": {
            "nQuads": 427,
            "child_modules": {
                "rtl_top": 1,
                "itf_data": 1
            },
            "start_perf": [
                1.2300331592559814,
                0.205459,
                0.186304,
                308036,
                375392,
                1699034627.0146921,
                7899354184196
            ],
            "nRouts": 68,
            "Compiled": "Yes",
            "end_perf": [
                1.2416121959686279,
                0.21703600000000001,
                0.186304,
                308036,
                375392,
                7899381699260,
                34359738369,
                0
            ],
            "Compiled Times": 1,
            "nMops": 1311
        },
        "itf_data": {
            "start_perf": [
                1.1914150714874268,
                0.17418,
                0.186304,
                308036,
                375392,
                1699034626.976074,
                7899262619016
            ],
            "child_modules": {},
            "nQuads": 66,
            "Compiled": "Yes",
            "end_perf": [
                1.1959090232849121,
                0.178671,
                0.186304,
                308036,
                375392,
                7899273380451,
                17179869185,
                0
            ],
            "Compiled Times": 1,
            "svclass": [
                "itf_data_vcs_virt_intf_C",
                0,
                0,
                0,
                0,
                0
            ],
            "nMops": 195,
            "nRouts": 19
        },
        "...MASTER...": {
            "nQuads": 0,
            "child_modules": {
                "std": 1,
                "pkg_tx_data": 1,
                "pkg_verification": 1,
                "tb_top": 1
            },
            "start_perf": [
                1.1252951622009277,
                0.15829199999999999,
                0.170874,
                306092,
                375392,
                1699034626.9099541,
                7899105957342
            ],
            "end_perf": [
                1.1526050567626953,
                0.16614200000000001,
                0.17102800000000001,
                307072,
                375392,
                7899170726395,
                0,
                0
            ],
            "nMops": 0,
            "nRouts": 5
        },
        "pkg_tx_data": {
            "start_perf": [
                1.1959900856018066,
                0.178755,
                0.186304,
                308036,
                375392,
                1699034626.980649,
                7899273462364
            ],
            "child_modules": {},
            "nQuads": 76,
            "Compiled": "Yes",
            "end_perf": [
                1.2020010948181152,
                0.18476100000000001,
                0.186304,
                308036,
                375392,
                7899287849615,
                21474836481,
                0
            ],
            "Compiled Times": 1,
            "svclass": [
                "cls_clock_train_pattern",
                852,
                43,
                2,
                2,
                21474836489,
                "cls_ctrl_f",
                1175,
                61,
                3,
                3,
                21474836512,
                "cls_ctrl_l",
                852,
                43,
                2,
                2,
                21474836540,
                "cls_k_symbol",
                852,
                43,
                2,
                2,
                21474836561,
                "cls_link_stable_pattern",
                852,
                43,
                2,
                2,
                21474836582
            ],
            "nMops": 238,
            "nRouts": 19
        },
        "std": {
            "start_perf": [
                1.1588900089263916,
                0.16614200000000001,
                0.17689299999999999,
                307072,
                375392,
                1699034626.9435489,
                7899185623678
            ],
            "child_modules": {},
            "nQuads": 224,
            "Compiled": "Yes",
            "end_perf": [
                1.1881229877471924,
                0.17157,
                0.186276,
                308036,
                375392,
                7899254872408,
                8589934594,
                0
            ],
            "Compiled Times": 1,
            "significant_routs": [
                [
                    24,
                    "F_VCSgd_reYIK_24_0",
                    26689038,
                    984,
                    90
                ]
            ],
            "svclass": [
                "$vcs_nba_dyn_obj",
                576,
                35,
                2,
                2,
                0,
                "sigprop$$",
                576,
                35,
                2,
                2,
                0,
                "process",
                2380,
                200,
                8,
                8,
                0,
                "event",
                597,
                34,
                2,
                2,
                0,
                "mailbox",
                1769,
                140,
                9,
                9,
                0,
                "semaphore",
                1119,
                84,
                5,
                5,
                0
            ],
            "nMops": 533,
            "nRouts": 36
        },
        "rtl_top": {
            "start_perf": [
                1.2021031379699707,
                0.184868,
                0.186304,
                308036,
                375392,
                1699034626.986762,
                7899287952334
            ],
            "child_modules": {},
            "nQuads": 787,
            "Compiled": "Yes",
            "end_perf": [
                1.2298481464385986,
                0.205266,
                0.186304,
                308036,
                375392,
                7899354025712,
                30064771073,
                0
            ],
            "Compiled Times": 1,
            "significant_routs": [
                [
                    7,
                    "R_VCSgd_MDyTZ_7",
                    17529636,
                    2883,
                    401
                ]
            ],
            "nMops": 2597,
            "nRouts": 64
        },
        "pkg_verification": {
            "nQuads": 6,
            "child_modules": {},
            "start_perf": [
                1.1881740093231201,
                0.171596,
                0.186304,
                308036,
                375392,
                1699034626.9728329,
                7899254931236
            ],
            "nRouts": 8,
            "Compiled": "Yes",
            "end_perf": [
                1.1913630962371826,
                0.174126,
                0.186304,
                308036,
                375392,
                7899262565032,
                12884901889,
                0
            ],
            "Compiled Times": 1,
            "nMops": 5
        }
    },
    "ObjArchives": [
        {
            "archive": "archive.0/_5049_archive_1.a",